<?xml version="1.0" encoding="UTF-8"?>
<!DOCTYPE mapper PUBLIC "-//mybatis.org//DTD Mapper 3.0//EN" "http://mybatis.org/dtd/mybatis-3-mapper.dtd">

<mapper namespace="com.lebaoxun.modules.account.dao.UserLevelPrivilegeDao">

	<!-- 可根据自己的需求，是否要使用 -->
    <resultMap type="com.lebaoxun.modules.account.entity.UserLevelPrivilegeEntity" id="userLevelPrivilegeMap">
        <result property="id" column="id"/>
        <result property="level" column="level"/>
        <result property="payAmount" column="pay_amount"/>
        <result property="unit" column="unit"/>
        <result property="dis" column="dis"/>
        <result property="createTime" column="create_time"/>
        <result property="createBy" column="create_by"/>
        <result property="delFlag" column="del_flag"/>
    </resultMap>


</mapper>