<?xml version="1.0" encoding="UTF-8"?>
<!DOCTYPE mapper PUBLIC "-//mybatis.org//DTD Mapper 3.0//EN" "http://mybatis.org/dtd/mybatis-3-mapper.dtd">

<mapper namespace="com.lebaoxun.modules.account.dao.UserFeedbackDao">

	<!-- 可根据自己的需求，是否要使用 -->
    <resultMap type="com.lebaoxun.modules.account.entity.UserFeedbackEntity" id="userFeedbackMap">
        <result property="id" column="id"/>
        <result property="userId" column="user_id"/>
        <result property="nickname" column="nickname"/>
        <result property="sex" column="sex"/>
        <result property="mobile" column="mobile"/>
        <result property="content" column="content"/>
        <result property="createTime" column="create_time"/>
        <result property="updateTime" column="update_time"/>
        <result property="updateBy" column="update_by"/>
        <result property="remark" column="remark"/>
        <result property="status" column="status"/>
    </resultMap>


</mapper>