<?xml version="1.0" encoding="UTF-8"?>
<!DOCTYPE mapper PUBLIC "-//mybatis.org//DTD Mapper 3.0//EN" "http://mybatis.org/dtd/mybatis-3-mapper.dtd">

<mapper namespace="com.lebaoxun.modules.account.dao.UserScoreAchievementAwardDao">

	<!-- 可根据自己的需求，是否要使用 -->
    <resultMap type="com.lebaoxun.modules.account.entity.UserScoreAchievementAwardEntity" id="userScoreAchievementAwardMap">
        <result property="id" column="id"/>
        <result property="code" column="code"/>
        <result property="name" column="name"/>
        <result property="cat" column="cat"/>
        <result property="catName" column="cat_name"/>
        <result property="condi" column="condi"/>
        <result property="action" column="action"/>
        <result property="bonus" column="bonus"/>
        <result property="createTime" column="create_time"/>
        <result property="updateTime" column="update_time"/>
        <result property="updateBy" column="update_by"/>
        <result property="delFlag" column="del_flag"/>
    </resultMap>


</mapper>